id,target
c0f722661,-0.6727858
f0953f0a5,-0.9924107
0df072751,-1.0643535
04caf4e0c,-1.3323077
0e63f8bea,-1.7769419
12537fe78,-0.6169464
965e592c0,-1.0697117
